{"_timestamp":1.7694620956512582e+09,"eval_loss":0.6022499435477786,"max_metric2":0,"metric2":0,"client_loss":0.6105177998542786,"_runtime":16403,"_step":137,"metric1":0.6912751677852349,"max_metric1":0.6912751677852349,"_wandb":{"runtime":16403}}